emp_id,sei,mei,age,sex,dept_id
E001,清水,陸,42,男性,D01
E002,吉田,陸,57,男性,D01
E003,鈴木,陸,51,男性,D01
E004,佐藤,愛美,43,女性,D01
E005,木村,陽翔,49,男性,D03
E006,松本,健太,24,男性,D03
E007,小林,蓮,39,男性,D03
E008,山口,結衣,30,女性,D01
E009,清水,詩織,29,女性,D01
E010,木村,さくら,25,女性,D01
E011,加藤,さくら,50,女性,D03
E012,山田,結衣,31,女性,D03
E013,井上,結菜,35,女性,D01
E014,中村,翼,37,男性,D02
E015,佐々木,蒼空,50,男性,D03
E016,山本,蒼空,45,男性,D01
E017,吉田,陽菜,38,女性,D02
E018,佐藤,翼,49,男性,D03
E019,山田,結衣,54,女性,D01
E020,伊藤,健太,43,男性,D03
E021,高橋,翼,35,男性,D03
E022,山口,蓮,48,男性,D02
E023,加藤,健太,53,男性,D02
E024,田中,葵,44,女性,D02
E025,吉田,拓海,34,男性,D01
E026,斎藤,和也,49,男性,D03
E027,渡辺,拓海,51,男性,D03
E028,山本,美穂,22,女性,D01
E029,清水,凛,24,女性,D01
E030,小林,葵,54,女性,D01
E031,松本,美咲,53,女性,D02
E032,清水,大輔,33,男性,D01
E033,高橋,美穂,58,女性,D01
E034,木村,翔,23,男性,D02
E035,伊藤,大輔,22,男性,D01
E036,山田,愛美,53,女性,D02
E037,田中,蓮,32,男性,D01
E038,渡辺,陸,26,男性,D02
E039,吉田,美穂,30,女性,D01
E040,井上,陽菜,41,女性,D01
